entity_type,entity_id,classification,quarantine_status,mapping_status,organization_candidate_count,human_decision,allowed_human_decisions,target_organization_id,evidence_reference,active_inactive_disposition,decision_reason,reviewer_1,reviewer_2,reviewed_at,decision_status,decision_version,predecessor_decision_id,decision_id
CaseDocumentRequirement,1,UNRESOLVED,QUARANTINED,NONE,0,,ASSIGN_TO_ORGANIZATION|KEEP_QUARANTINED|RETIRE_INACTIVE_LEGACY_ROW|REDESIGN_REQUIRED|NEEDS_MORE_EVIDENCE,,,,,,,,PENDING,,,
CaseDocumentRequirement,2,UNRESOLVED,QUARANTINED,NONE,0,,ASSIGN_TO_ORGANIZATION|KEEP_QUARANTINED|RETIRE_INACTIVE_LEGACY_ROW|REDESIGN_REQUIRED|NEEDS_MORE_EVIDENCE,,,,,,,,PENDING,,,
Customer,1,UNRESOLVED,QUARANTINED,NONE,0,,ASSIGN_TO_ORGANIZATION|KEEP_QUARANTINED|RETIRE_INACTIVE_LEGACY_ROW|REDESIGN_REQUIRED|NEEDS_MORE_EVIDENCE,,,,,,,,PENDING,,,
CustomerGamification,1,UNRESOLVED,QUARANTINED,NONE,0,,ASSIGN_TO_ORGANIZATION|KEEP_QUARANTINED|RETIRE_INACTIVE_LEGACY_ROW|REDESIGN_REQUIRED|NEEDS_MORE_EVIDENCE,,,,,,,,PENDING,,,
CustomerGamification,2,UNRESOLVED,QUARANTINED,NONE,0,,ASSIGN_TO_ORGANIZATION|KEEP_QUARANTINED|RETIRE_INACTIVE_LEGACY_ROW|REDESIGN_REQUIRED|NEEDS_MORE_EVIDENCE,,,,,,,,PENDING,,,
CustomerGamification,3,UNRESOLVED,QUARANTINED,NONE,0,,ASSIGN_TO_ORGANIZATION|KEEP_QUARANTINED|RETIRE_INACTIVE_LEGACY_ROW|REDESIGN_REQUIRED|NEEDS_MORE_EVIDENCE,,,,,,,,PENDING,,,
CustomerGamification,4,UNRESOLVED,QUARANTINED,NONE,0,,ASSIGN_TO_ORGANIZATION|KEEP_QUARANTINED|RETIRE_INACTIVE_LEGACY_ROW|REDESIGN_REQUIRED|NEEDS_MORE_EVIDENCE,,,,,,,,PENDING,,,
CustomerGamification,5,UNRESOLVED,QUARANTINED,NONE,0,,ASSIGN_TO_ORGANIZATION|KEEP_QUARANTINED|RETIRE_INACTIVE_LEGACY_ROW|REDESIGN_REQUIRED|NEEDS_MORE_EVIDENCE,,,,,,,,PENDING,,,
CustomerGamification,6,UNRESOLVED,QUARANTINED,NONE,0,,ASSIGN_TO_ORGANIZATION|KEEP_QUARANTINED|RETIRE_INACTIVE_LEGACY_ROW|REDESIGN_REQUIRED|NEEDS_MORE_EVIDENCE,,,,,,,,PENDING,,,
DocumentAuditEvent,1,UNRESOLVED,QUARANTINED,NONE,0,,ASSIGN_TO_ORGANIZATION|KEEP_QUARANTINED|RETIRE_INACTIVE_LEGACY_ROW|REDESIGN_REQUIRED|NEEDS_MORE_EVIDENCE,,,,,,,,PENDING,,,
DocumentAuditEvent,2,UNRESOLVED,QUARANTINED,NONE,0,,ASSIGN_TO_ORGANIZATION|KEEP_QUARANTINED|RETIRE_INACTIVE_LEGACY_ROW|REDESIGN_REQUIRED|NEEDS_MORE_EVIDENCE,,,,,,,,PENDING,,,
DocumentAuditEvent,3,UNRESOLVED,QUARANTINED,NONE,0,,ASSIGN_TO_ORGANIZATION|KEEP_QUARANTINED|RETIRE_INACTIVE_LEGACY_ROW|REDESIGN_REQUIRED|NEEDS_MORE_EVIDENCE,,,,,,,,PENDING,,,
ExpertConsoleLog,77,UNRESOLVED,QUARANTINED,NONE,0,,ASSIGN_TO_ORGANIZATION|KEEP_QUARANTINED|RETIRE_INACTIVE_LEGACY_ROW|REDESIGN_REQUIRED|NEEDS_MORE_EVIDENCE,,,,,,,,PENDING,,,
ExpertConsoleLog,78,UNRESOLVED,QUARANTINED,NONE,0,,ASSIGN_TO_ORGANIZATION|KEEP_QUARANTINED|RETIRE_INACTIVE_LEGACY_ROW|REDESIGN_REQUIRED|NEEDS_MORE_EVIDENCE,,,,,,,,PENDING,,,
ExpertConsoleLog,79,UNRESOLVED,QUARANTINED,NONE,0,,ASSIGN_TO_ORGANIZATION|KEEP_QUARANTINED|RETIRE_INACTIVE_LEGACY_ROW|REDESIGN_REQUIRED|NEEDS_MORE_EVIDENCE,,,,,,,,PENDING,,,
ExpertConsoleLog,80,UNRESOLVED,QUARANTINED,NONE,0,,ASSIGN_TO_ORGANIZATION|KEEP_QUARANTINED|RETIRE_INACTIVE_LEGACY_ROW|REDESIGN_REQUIRED|NEEDS_MORE_EVIDENCE,,,,,,,,PENDING,,,
ExpertConsoleLog,81,UNRESOLVED,QUARANTINED,NONE,0,,ASSIGN_TO_ORGANIZATION|KEEP_QUARANTINED|RETIRE_INACTIVE_LEGACY_ROW|REDESIGN_REQUIRED|NEEDS_MORE_EVIDENCE,,,,,,,,PENDING,,,
ExpertConsoleLog,82,UNRESOLVED,QUARANTINED,NONE,0,,ASSIGN_TO_ORGANIZATION|KEEP_QUARANTINED|RETIRE_INACTIVE_LEGACY_ROW|REDESIGN_REQUIRED|NEEDS_MORE_EVIDENCE,,,,,,,,PENDING,,,
ExpertConsoleLog,83,UNRESOLVED,QUARANTINED,NONE,0,,ASSIGN_TO_ORGANIZATION|KEEP_QUARANTINED|RETIRE_INACTIVE_LEGACY_ROW|REDESIGN_REQUIRED|NEEDS_MORE_EVIDENCE,,,,,,,,PENDING,,,
ExpertConsoleLog,84,UNRESOLVED,QUARANTINED,NONE,0,,ASSIGN_TO_ORGANIZATION|KEEP_QUARANTINED|RETIRE_INACTIVE_LEGACY_ROW|REDESIGN_REQUIRED|NEEDS_MORE_EVIDENCE,,,,,,,,PENDING,,,
ExpertConsoleLog,85,UNRESOLVED,QUARANTINED,NONE,0,,ASSIGN_TO_ORGANIZATION|KEEP_QUARANTINED|RETIRE_INACTIVE_LEGACY_ROW|REDESIGN_REQUIRED|NEEDS_MORE_EVIDENCE,,,,,,,,PENDING,,,
ExpertConsoleLog,86,UNRESOLVED,QUARANTINED,NONE,0,,ASSIGN_TO_ORGANIZATION|KEEP_QUARANTINED|RETIRE_INACTIVE_LEGACY_ROW|REDESIGN_REQUIRED|NEEDS_MORE_EVIDENCE,,,,,,,,PENDING,,,
ExpertConsoleLog,87,UNRESOLVED,QUARANTINED,NONE,0,,ASSIGN_TO_ORGANIZATION|KEEP_QUARANTINED|RETIRE_INACTIVE_LEGACY_ROW|REDESIGN_REQUIRED|NEEDS_MORE_EVIDENCE,,,,,,,,PENDING,,,
ExpertConsoleLog,88,UNRESOLVED,QUARANTINED,NONE,0,,ASSIGN_TO_ORGANIZATION|KEEP_QUARANTINED|RETIRE_INACTIVE_LEGACY_ROW|REDESIGN_REQUIRED|NEEDS_MORE_EVIDENCE,,,,,,,,PENDING,,,
ExpertConsoleLog,89,UNRESOLVED,QUARANTINED,NONE,0,,ASSIGN_TO_ORGANIZATION|KEEP_QUARANTINED|RETIRE_INACTIVE_LEGACY_ROW|REDESIGN_REQUIRED|NEEDS_MORE_EVIDENCE,,,,,,,,PENDING,,,
ExpertConsoleLog,90,UNRESOLVED,QUARANTINED,NONE,0,,ASSIGN_TO_ORGANIZATION|KEEP_QUARANTINED|RETIRE_INACTIVE_LEGACY_ROW|REDESIGN_REQUIRED|NEEDS_MORE_EVIDENCE,,,,,,,,PENDING,,,
ExpertConsoleLog,91,UNRESOLVED,QUARANTINED,NONE,0,,ASSIGN_TO_ORGANIZATION|KEEP_QUARANTINED|RETIRE_INACTIVE_LEGACY_ROW|REDESIGN_REQUIRED|NEEDS_MORE_EVIDENCE,,,,,,,,PENDING,,,
ExpertConsoleLog,92,UNRESOLVED,QUARANTINED,NONE,0,,ASSIGN_TO_ORGANIZATION|KEEP_QUARANTINED|RETIRE_INACTIVE_LEGACY_ROW|REDESIGN_REQUIRED|NEEDS_MORE_EVIDENCE,,,,,,,,PENDING,,,
ExpertConsoleLog,93,UNRESOLVED,QUARANTINED,NONE,0,,ASSIGN_TO_ORGANIZATION|KEEP_QUARANTINED|RETIRE_INACTIVE_LEGACY_ROW|REDESIGN_REQUIRED|NEEDS_MORE_EVIDENCE,,,,,,,,PENDING,,,
ExpertConsoleLog,94,UNRESOLVED,QUARANTINED,NONE,0,,ASSIGN_TO_ORGANIZATION|KEEP_QUARANTINED|RETIRE_INACTIVE_LEGACY_ROW|REDESIGN_REQUIRED|NEEDS_MORE_EVIDENCE,,,,,,,,PENDING,,,
ExpertConsoleLog,95,UNRESOLVED,QUARANTINED,NONE,0,,ASSIGN_TO_ORGANIZATION|KEEP_QUARANTINED|RETIRE_INACTIVE_LEGACY_ROW|REDESIGN_REQUIRED|NEEDS_MORE_EVIDENCE,,,,,,,,PENDING,,,
ExpertConsoleLog,96,UNRESOLVED,QUARANTINED,NONE,0,,ASSIGN_TO_ORGANIZATION|KEEP_QUARANTINED|RETIRE_INACTIVE_LEGACY_ROW|REDESIGN_REQUIRED|NEEDS_MORE_EVIDENCE,,,,,,,,PENDING,,,
ExpertConsoleLog,97,UNRESOLVED,QUARANTINED,NONE,0,,ASSIGN_TO_ORGANIZATION|KEEP_QUARANTINED|RETIRE_INACTIVE_LEGACY_ROW|REDESIGN_REQUIRED|NEEDS_MORE_EVIDENCE,,,,,,,,PENDING,,,
ExpertConsoleLog,98,UNRESOLVED,QUARANTINED,NONE,0,,ASSIGN_TO_ORGANIZATION|KEEP_QUARANTINED|RETIRE_INACTIVE_LEGACY_ROW|REDESIGN_REQUIRED|NEEDS_MORE_EVIDENCE,,,,,,,,PENDING,,,
ExpertConsoleLog,99,UNRESOLVED,QUARANTINED,NONE,0,,ASSIGN_TO_ORGANIZATION|KEEP_QUARANTINED|RETIRE_INACTIVE_LEGACY_ROW|REDESIGN_REQUIRED|NEEDS_MORE_EVIDENCE,,,,,,,,PENDING,,,
ExpertConsoleLog,100,UNRESOLVED,QUARANTINED,NONE,0,,ASSIGN_TO_ORGANIZATION|KEEP_QUARANTINED|RETIRE_INACTIVE_LEGACY_ROW|REDESIGN_REQUIRED|NEEDS_MORE_EVIDENCE,,,,,,,,PENDING,,,
ExpertConsoleLog,101,UNRESOLVED,QUARANTINED,NONE,0,,ASSIGN_TO_ORGANIZATION|KEEP_QUARANTINED|RETIRE_INACTIVE_LEGACY_ROW|REDESIGN_REQUIRED|NEEDS_MORE_EVIDENCE,,,,,,,,PENDING,,,
ExpertConsoleLog,102,UNRESOLVED,QUARANTINED,NONE,0,,ASSIGN_TO_ORGANIZATION|KEEP_QUARANTINED|RETIRE_INACTIVE_LEGACY_ROW|REDESIGN_REQUIRED|NEEDS_MORE_EVIDENCE,,,,,,,,PENDING,,,
ExpertConsoleLog,103,UNRESOLVED,QUARANTINED,NONE,0,,ASSIGN_TO_ORGANIZATION|KEEP_QUARANTINED|RETIRE_INACTIVE_LEGACY_ROW|REDESIGN_REQUIRED|NEEDS_MORE_EVIDENCE,,,,,,,,PENDING,,,
ExpertConsoleLog,104,UNRESOLVED,QUARANTINED,NONE,0,,ASSIGN_TO_ORGANIZATION|KEEP_QUARANTINED|RETIRE_INACTIVE_LEGACY_ROW|REDESIGN_REQUIRED|NEEDS_MORE_EVIDENCE,,,,,,,,PENDING,,,
ExpertConsoleLog,105,UNRESOLVED,QUARANTINED,NONE,0,,ASSIGN_TO_ORGANIZATION|KEEP_QUARANTINED|RETIRE_INACTIVE_LEGACY_ROW|REDESIGN_REQUIRED|NEEDS_MORE_EVIDENCE,,,,,,,,PENDING,,,
ExpertConsoleNotification,48,UNRESOLVED,QUARANTINED,NONE,0,,ASSIGN_TO_ORGANIZATION|KEEP_QUARANTINED|RETIRE_INACTIVE_LEGACY_ROW|REDESIGN_REQUIRED|NEEDS_MORE_EVIDENCE,,,,,,,,PENDING,,,
ExpertConsoleNotification,49,UNRESOLVED,QUARANTINED,NONE,0,,ASSIGN_TO_ORGANIZATION|KEEP_QUARANTINED|RETIRE_INACTIVE_LEGACY_ROW|REDESIGN_REQUIRED|NEEDS_MORE_EVIDENCE,,,,,,,,PENDING,,,
ExpertConsoleNotification,50,UNRESOLVED,QUARANTINED,NONE,0,,ASSIGN_TO_ORGANIZATION|KEEP_QUARANTINED|RETIRE_INACTIVE_LEGACY_ROW|REDESIGN_REQUIRED|NEEDS_MORE_EVIDENCE,,,,,,,,PENDING,,,
ExpertConsoleNotification,51,UNRESOLVED,QUARANTINED,NONE,0,,ASSIGN_TO_ORGANIZATION|KEEP_QUARANTINED|RETIRE_INACTIVE_LEGACY_ROW|REDESIGN_REQUIRED|NEEDS_MORE_EVIDENCE,,,,,,,,PENDING,,,
ExpertConsoleNotification,52,UNRESOLVED,QUARANTINED,NONE,0,,ASSIGN_TO_ORGANIZATION|KEEP_QUARANTINED|RETIRE_INACTIVE_LEGACY_ROW|REDESIGN_REQUIRED|NEEDS_MORE_EVIDENCE,,,,,,,,PENDING,,,
ExpertConsoleNotification,53,UNRESOLVED,QUARANTINED,NONE,0,,ASSIGN_TO_ORGANIZATION|KEEP_QUARANTINED|RETIRE_INACTIVE_LEGACY_ROW|REDESIGN_REQUIRED|NEEDS_MORE_EVIDENCE,,,,,,,,PENDING,,,
ExpertConsoleNotification,54,UNRESOLVED,QUARANTINED,NONE,0,,ASSIGN_TO_ORGANIZATION|KEEP_QUARANTINED|RETIRE_INACTIVE_LEGACY_ROW|REDESIGN_REQUIRED|NEEDS_MORE_EVIDENCE,,,,,,,,PENDING,,,
ExpertConsoleNotification,55,UNRESOLVED,QUARANTINED,NONE,0,,ASSIGN_TO_ORGANIZATION|KEEP_QUARANTINED|RETIRE_INACTIVE_LEGACY_ROW|REDESIGN_REQUIRED|NEEDS_MORE_EVIDENCE,,,,,,,,PENDING,,,
ExpertConsoleNotification,56,UNRESOLVED,QUARANTINED,NONE,0,,ASSIGN_TO_ORGANIZATION|KEEP_QUARANTINED|RETIRE_INACTIVE_LEGACY_ROW|REDESIGN_REQUIRED|NEEDS_MORE_EVIDENCE,,,,,,,,PENDING,,,
ExpertConsoleNotification,57,UNRESOLVED,QUARANTINED,NONE,0,,ASSIGN_TO_ORGANIZATION|KEEP_QUARANTINED|RETIRE_INACTIVE_LEGACY_ROW|REDESIGN_REQUIRED|NEEDS_MORE_EVIDENCE,,,,,,,,PENDING,,,
ExpertConsoleNotification,58,UNRESOLVED,QUARANTINED,NONE,0,,ASSIGN_TO_ORGANIZATION|KEEP_QUARANTINED|RETIRE_INACTIVE_LEGACY_ROW|REDESIGN_REQUIRED|NEEDS_MORE_EVIDENCE,,,,,,,,PENDING,,,
ExpertConsoleNotification,59,UNRESOLVED,QUARANTINED,NONE,0,,ASSIGN_TO_ORGANIZATION|KEEP_QUARANTINED|RETIRE_INACTIVE_LEGACY_ROW|REDESIGN_REQUIRED|NEEDS_MORE_EVIDENCE,,,,,,,,PENDING,,,
ExpertConsoleNotification,60,UNRESOLVED,QUARANTINED,NONE,0,,ASSIGN_TO_ORGANIZATION|KEEP_QUARANTINED|RETIRE_INACTIVE_LEGACY_ROW|REDESIGN_REQUIRED|NEEDS_MORE_EVIDENCE,,,,,,,,PENDING,,,
ExpertConsoleNotification,61,UNRESOLVED,QUARANTINED,NONE,0,,ASSIGN_TO_ORGANIZATION|KEEP_QUARANTINED|RETIRE_INACTIVE_LEGACY_ROW|REDESIGN_REQUIRED|NEEDS_MORE_EVIDENCE,,,,,,,,PENDING,,,
ExpertConsoleNotification,62,UNRESOLVED,QUARANTINED,NONE,0,,ASSIGN_TO_ORGANIZATION|KEEP_QUARANTINED|RETIRE_INACTIVE_LEGACY_ROW|REDESIGN_REQUIRED|NEEDS_MORE_EVIDENCE,,,,,,,,PENDING,,,
ExpertConsoleNotification,63,UNRESOLVED,QUARANTINED,NONE,0,,ASSIGN_TO_ORGANIZATION|KEEP_QUARANTINED|RETIRE_INACTIVE_LEGACY_ROW|REDESIGN_REQUIRED|NEEDS_MORE_EVIDENCE,,,,,,,,PENDING,,,
ExpertConsoleNotification,64,UNRESOLVED,QUARANTINED,NONE,0,,ASSIGN_TO_ORGANIZATION|KEEP_QUARANTINED|RETIRE_INACTIVE_LEGACY_ROW|REDESIGN_REQUIRED|NEEDS_MORE_EVIDENCE,,,,,,,,PENDING,,,
ExpertConsoleNotification,65,UNRESOLVED,QUARANTINED,NONE,0,,ASSIGN_TO_ORGANIZATION|KEEP_QUARANTINED|RETIRE_INACTIVE_LEGACY_ROW|REDESIGN_REQUIRED|NEEDS_MORE_EVIDENCE,,,,,,,,PENDING,,,
ExpertConsoleNotification,66,UNRESOLVED,QUARANTINED,NONE,0,,ASSIGN_TO_ORGANIZATION|KEEP_QUARANTINED|RETIRE_INACTIVE_LEGACY_ROW|REDESIGN_REQUIRED|NEEDS_MORE_EVIDENCE,,,,,,,,PENDING,,,
ExpertConsoleNotification,67,UNRESOLVED,QUARANTINED,NONE,0,,ASSIGN_TO_ORGANIZATION|KEEP_QUARANTINED|RETIRE_INACTIVE_LEGACY_ROW|REDESIGN_REQUIRED|NEEDS_MORE_EVIDENCE,,,,,,,,PENDING,,,
ExpertConsoleNotification,68,UNRESOLVED,QUARANTINED,NONE,0,,ASSIGN_TO_ORGANIZATION|KEEP_QUARANTINED|RETIRE_INACTIVE_LEGACY_ROW|REDESIGN_REQUIRED|NEEDS_MORE_EVIDENCE,,,,,,,,PENDING,,,
ExpertConsoleNotification,69,UNRESOLVED,QUARANTINED,NONE,0,,ASSIGN_TO_ORGANIZATION|KEEP_QUARANTINED|RETIRE_INACTIVE_LEGACY_ROW|REDESIGN_REQUIRED|NEEDS_MORE_EVIDENCE,,,,,,,,PENDING,,,
ExpertConsoleNotification,70,UNRESOLVED,QUARANTINED,NONE,0,,ASSIGN_TO_ORGANIZATION|KEEP_QUARANTINED|RETIRE_INACTIVE_LEGACY_ROW|REDESIGN_REQUIRED|NEEDS_MORE_EVIDENCE,,,,,,,,PENDING,,,
ExpertConsoleNotification,71,UNRESOLVED,QUARANTINED,NONE,0,,ASSIGN_TO_ORGANIZATION|KEEP_QUARANTINED|RETIRE_INACTIVE_LEGACY_ROW|REDESIGN_REQUIRED|NEEDS_MORE_EVIDENCE,,,,,,,,PENDING,,,
ExpertConsoleNotification,72,UNRESOLVED,QUARANTINED,NONE,0,,ASSIGN_TO_ORGANIZATION|KEEP_QUARANTINED|RETIRE_INACTIVE_LEGACY_ROW|REDESIGN_REQUIRED|NEEDS_MORE_EVIDENCE,,,,,,,,PENDING,,,
ExpertConsoleNotification,73,UNRESOLVED,QUARANTINED,NONE,0,,ASSIGN_TO_ORGANIZATION|KEEP_QUARANTINED|RETIRE_INACTIVE_LEGACY_ROW|REDESIGN_REQUIRED|NEEDS_MORE_EVIDENCE,,,,,,,,PENDING,,,
ExpertConsoleNotification,74,UNRESOLVED,QUARANTINED,NONE,0,,ASSIGN_TO_ORGANIZATION|KEEP_QUARANTINED|RETIRE_INACTIVE_LEGACY_ROW|REDESIGN_REQUIRED|NEEDS_MORE_EVIDENCE,,,,,,,,PENDING,,,
ExpertConsoleNotification,75,UNRESOLVED,QUARANTINED,NONE,0,,ASSIGN_TO_ORGANIZATION|KEEP_QUARANTINED|RETIRE_INACTIVE_LEGACY_ROW|REDESIGN_REQUIRED|NEEDS_MORE_EVIDENCE,,,,,,,,PENDING,,,
ExpertConsoleNotification,76,UNRESOLVED,QUARANTINED,NONE,0,,ASSIGN_TO_ORGANIZATION|KEEP_QUARANTINED|RETIRE_INACTIVE_LEGACY_ROW|REDESIGN_REQUIRED|NEEDS_MORE_EVIDENCE,,,,,,,,PENDING,,,
ExpertQuote,4,UNRESOLVED,QUARANTINED,NONE,0,,ASSIGN_TO_ORGANIZATION|KEEP_QUARANTINED|RETIRE_INACTIVE_LEGACY_ROW|REDESIGN_REQUIRED|NEEDS_MORE_EVIDENCE,,,,,,,,PENDING,,,
ExpertQuote,5,UNRESOLVED,QUARANTINED,NONE,0,,ASSIGN_TO_ORGANIZATION|KEEP_QUARANTINED|RETIRE_INACTIVE_LEGACY_ROW|REDESIGN_REQUIRED|NEEDS_MORE_EVIDENCE,,,,,,,,PENDING,,,
ExpertQuote,6,UNRESOLVED,QUARANTINED,NONE,0,,ASSIGN_TO_ORGANIZATION|KEEP_QUARANTINED|RETIRE_INACTIVE_LEGACY_ROW|REDESIGN_REQUIRED|NEEDS_MORE_EVIDENCE,,,,,,,,PENDING,,,
ReferralAssignmentLog,8,UNRESOLVED,QUARANTINED,NONE,0,,ASSIGN_TO_ORGANIZATION|KEEP_QUARANTINED|RETIRE_INACTIVE_LEGACY_ROW|REDESIGN_REQUIRED|NEEDS_MORE_EVIDENCE,,,,,,,,PENDING,,,
ReferralAssignmentLog,9,UNRESOLVED,QUARANTINED,NONE,0,,ASSIGN_TO_ORGANIZATION|KEEP_QUARANTINED|RETIRE_INACTIVE_LEGACY_ROW|REDESIGN_REQUIRED|NEEDS_MORE_EVIDENCE,,,,,,,,PENDING,,,
ReferralAssignmentLog,10,UNRESOLVED,QUARANTINED,NONE,0,,ASSIGN_TO_ORGANIZATION|KEEP_QUARANTINED|RETIRE_INACTIVE_LEGACY_ROW|REDESIGN_REQUIRED|NEEDS_MORE_EVIDENCE,,,,,,,,PENDING,,,
ReferralAssignmentLog,11,UNRESOLVED,QUARANTINED,NONE,0,,ASSIGN_TO_ORGANIZATION|KEEP_QUARANTINED|RETIRE_INACTIVE_LEGACY_ROW|REDESIGN_REQUIRED|NEEDS_MORE_EVIDENCE,,,,,,,,PENDING,,,
ReferralAssignmentLog,12,UNRESOLVED,QUARANTINED,NONE,0,,ASSIGN_TO_ORGANIZATION|KEEP_QUARANTINED|RETIRE_INACTIVE_LEGACY_ROW|REDESIGN_REQUIRED|NEEDS_MORE_EVIDENCE,,,,,,,,PENDING,,,
ReferralAssignmentLog,13,UNRESOLVED,QUARANTINED,NONE,0,,ASSIGN_TO_ORGANIZATION|KEEP_QUARANTINED|RETIRE_INACTIVE_LEGACY_ROW|REDESIGN_REQUIRED|NEEDS_MORE_EVIDENCE,,,,,,,,PENDING,,,
ReferralAssignmentLog,14,UNRESOLVED,QUARANTINED,NONE,0,,ASSIGN_TO_ORGANIZATION|KEEP_QUARANTINED|RETIRE_INACTIVE_LEGACY_ROW|REDESIGN_REQUIRED|NEEDS_MORE_EVIDENCE,,,,,,,,PENDING,,,
ReferralAssignmentLog,15,UNRESOLVED,QUARANTINED,NONE,0,,ASSIGN_TO_ORGANIZATION|KEEP_QUARANTINED|RETIRE_INACTIVE_LEGACY_ROW|REDESIGN_REQUIRED|NEEDS_MORE_EVIDENCE,,,,,,,,PENDING,,,
ReferralAssignmentLog,16,UNRESOLVED,QUARANTINED,NONE,0,,ASSIGN_TO_ORGANIZATION|KEEP_QUARANTINED|RETIRE_INACTIVE_LEGACY_ROW|REDESIGN_REQUIRED|NEEDS_MORE_EVIDENCE,,,,,,,,PENDING,,,
ReferralAssignmentLog,17,UNRESOLVED,QUARANTINED,NONE,0,,ASSIGN_TO_ORGANIZATION|KEEP_QUARANTINED|RETIRE_INACTIVE_LEGACY_ROW|REDESIGN_REQUIRED|NEEDS_MORE_EVIDENCE,,,,,,,,PENDING,,,
ReferralAssignmentLog,18,UNRESOLVED,QUARANTINED,NONE,0,,ASSIGN_TO_ORGANIZATION|KEEP_QUARANTINED|RETIRE_INACTIVE_LEGACY_ROW|REDESIGN_REQUIRED|NEEDS_MORE_EVIDENCE,,,,,,,,PENDING,,,
ReferralAssignmentLog,19,UNRESOLVED,QUARANTINED,NONE,0,,ASSIGN_TO_ORGANIZATION|KEEP_QUARANTINED|RETIRE_INACTIVE_LEGACY_ROW|REDESIGN_REQUIRED|NEEDS_MORE_EVIDENCE,,,,,,,,PENDING,,,
ReferralAutoAssignState,1,UNRESOLVED,QUARANTINED,NONE,0,,ASSIGN_TO_ORGANIZATION|KEEP_QUARANTINED|RETIRE_INACTIVE_LEGACY_ROW|REDESIGN_REQUIRED|NEEDS_MORE_EVIDENCE,,,,,,,,PENDING,,,
ShipmentRequest,82,UNRESOLVED,QUARANTINED,NONE,0,,ASSIGN_TO_ORGANIZATION|KEEP_QUARANTINED|RETIRE_INACTIVE_LEGACY_ROW|REDESIGN_REQUIRED|NEEDS_MORE_EVIDENCE,,,,,,,,PENDING,,,
ShipmentRequest,83,UNRESOLVED,QUARANTINED,NONE,0,,ASSIGN_TO_ORGANIZATION|KEEP_QUARANTINED|RETIRE_INACTIVE_LEGACY_ROW|REDESIGN_REQUIRED|NEEDS_MORE_EVIDENCE,,,,,,,,PENDING,,,
ShipmentRequest,84,UNRESOLVED,QUARANTINED,NONE,0,,ASSIGN_TO_ORGANIZATION|KEEP_QUARANTINED|RETIRE_INACTIVE_LEGACY_ROW|REDESIGN_REQUIRED|NEEDS_MORE_EVIDENCE,,,,,,,,PENDING,,,
ShipmentRequest,85,UNRESOLVED,QUARANTINED,NONE,0,,ASSIGN_TO_ORGANIZATION|KEEP_QUARANTINED|RETIRE_INACTIVE_LEGACY_ROW|REDESIGN_REQUIRED|NEEDS_MORE_EVIDENCE,,,,,,,,PENDING,,,
ShipmentRequest,86,UNRESOLVED,QUARANTINED,NONE,0,,ASSIGN_TO_ORGANIZATION|KEEP_QUARANTINED|RETIRE_INACTIVE_LEGACY_ROW|REDESIGN_REQUIRED|NEEDS_MORE_EVIDENCE,,,,,,,,PENDING,,,
ShipmentRequest,87,UNRESOLVED,QUARANTINED,NONE,0,,ASSIGN_TO_ORGANIZATION|KEEP_QUARANTINED|RETIRE_INACTIVE_LEGACY_ROW|REDESIGN_REQUIRED|NEEDS_MORE_EVIDENCE,,,,,,,,PENDING,,,
ShipmentRequest,88,UNRESOLVED,QUARANTINED,NONE,0,,ASSIGN_TO_ORGANIZATION|KEEP_QUARANTINED|RETIRE_INACTIVE_LEGACY_ROW|REDESIGN_REQUIRED|NEEDS_MORE_EVIDENCE,,,,,,,,PENDING,,,
ShipmentRequest,89,UNRESOLVED,QUARANTINED,NONE,0,,ASSIGN_TO_ORGANIZATION|KEEP_QUARANTINED|RETIRE_INACTIVE_LEGACY_ROW|REDESIGN_REQUIRED|NEEDS_MORE_EVIDENCE,,,,,,,,PENDING,,,
ShipmentRequest,90,UNRESOLVED,QUARANTINED,NONE,0,,ASSIGN_TO_ORGANIZATION|KEEP_QUARANTINED|RETIRE_INACTIVE_LEGACY_ROW|REDESIGN_REQUIRED|NEEDS_MORE_EVIDENCE,,,,,,,,PENDING,,,
ShipmentRequest,91,UNRESOLVED,QUARANTINED,NONE,0,,ASSIGN_TO_ORGANIZATION|KEEP_QUARANTINED|RETIRE_INACTIVE_LEGACY_ROW|REDESIGN_REQUIRED|NEEDS_MORE_EVIDENCE,,,,,,,,PENDING,,,
ShipmentRequest,92,UNRESOLVED,QUARANTINED,NONE,0,,ASSIGN_TO_ORGANIZATION|KEEP_QUARANTINED|RETIRE_INACTIVE_LEGACY_ROW|REDESIGN_REQUIRED|NEEDS_MORE_EVIDENCE,,,,,,,,PENDING,,,
ShipmentRequest,93,UNRESOLVED,QUARANTINED,NONE,0,,ASSIGN_TO_ORGANIZATION|KEEP_QUARANTINED|RETIRE_INACTIVE_LEGACY_ROW|REDESIGN_REQUIRED|NEEDS_MORE_EVIDENCE,,,,,,,,PENDING,,,
ShipmentRequest,94,UNRESOLVED,QUARANTINED,NONE,0,,ASSIGN_TO_ORGANIZATION|KEEP_QUARANTINED|RETIRE_INACTIVE_LEGACY_ROW|REDESIGN_REQUIRED|NEEDS_MORE_EVIDENCE,,,,,,,,PENDING,,,
ShipmentRequestLog,57,UNRESOLVED,QUARANTINED,NONE,0,,ASSIGN_TO_ORGANIZATION|KEEP_QUARANTINED|RETIRE_INACTIVE_LEGACY_ROW|REDESIGN_REQUIRED|NEEDS_MORE_EVIDENCE,,,,,,,,PENDING,,,
ShipmentRequestLog,58,UNRESOLVED,QUARANTINED,NONE,0,,ASSIGN_TO_ORGANIZATION|KEEP_QUARANTINED|RETIRE_INACTIVE_LEGACY_ROW|REDESIGN_REQUIRED|NEEDS_MORE_EVIDENCE,,,,,,,,PENDING,,,
ShipmentRequestLog,59,UNRESOLVED,QUARANTINED,NONE,0,,ASSIGN_TO_ORGANIZATION|KEEP_QUARANTINED|RETIRE_INACTIVE_LEGACY_ROW|REDESIGN_REQUIRED|NEEDS_MORE_EVIDENCE,,,,,,,,PENDING,,,
ShipmentRequestLog,60,UNRESOLVED,QUARANTINED,NONE,0,,ASSIGN_TO_ORGANIZATION|KEEP_QUARANTINED|RETIRE_INACTIVE_LEGACY_ROW|REDESIGN_REQUIRED|NEEDS_MORE_EVIDENCE,,,,,,,,PENDING,,,
ShipmentRequestLog,61,UNRESOLVED,QUARANTINED,NONE,0,,ASSIGN_TO_ORGANIZATION|KEEP_QUARANTINED|RETIRE_INACTIVE_LEGACY_ROW|REDESIGN_REQUIRED|NEEDS_MORE_EVIDENCE,,,,,,,,PENDING,,,
ShipmentRequestLog,62,UNRESOLVED,QUARANTINED,NONE,0,,ASSIGN_TO_ORGANIZATION|KEEP_QUARANTINED|RETIRE_INACTIVE_LEGACY_ROW|REDESIGN_REQUIRED|NEEDS_MORE_EVIDENCE,,,,,,,,PENDING,,,
ShipmentRequestLog,63,UNRESOLVED,QUARANTINED,NONE,0,,ASSIGN_TO_ORGANIZATION|KEEP_QUARANTINED|RETIRE_INACTIVE_LEGACY_ROW|REDESIGN_REQUIRED|NEEDS_MORE_EVIDENCE,,,,,,,,PENDING,,,
ShipmentRequestLog,64,UNRESOLVED,QUARANTINED,NONE,0,,ASSIGN_TO_ORGANIZATION|KEEP_QUARANTINED|RETIRE_INACTIVE_LEGACY_ROW|REDESIGN_REQUIRED|NEEDS_MORE_EVIDENCE,,,,,,,,PENDING,,,
ShipmentRequestLog,65,UNRESOLVED,QUARANTINED,NONE,0,,ASSIGN_TO_ORGANIZATION|KEEP_QUARANTINED|RETIRE_INACTIVE_LEGACY_ROW|REDESIGN_REQUIRED|NEEDS_MORE_EVIDENCE,,,,,,,,PENDING,,,
ShipmentRequestLog,66,UNRESOLVED,QUARANTINED,NONE,0,,ASSIGN_TO_ORGANIZATION|KEEP_QUARANTINED|RETIRE_INACTIVE_LEGACY_ROW|REDESIGN_REQUIRED|NEEDS_MORE_EVIDENCE,,,,,,,,PENDING,,,
ShipmentRequestLog,67,UNRESOLVED,QUARANTINED,NONE,0,,ASSIGN_TO_ORGANIZATION|KEEP_QUARANTINED|RETIRE_INACTIVE_LEGACY_ROW|REDESIGN_REQUIRED|NEEDS_MORE_EVIDENCE,,,,,,,,PENDING,,,
ShipmentRequestLog,68,UNRESOLVED,QUARANTINED,NONE,0,,ASSIGN_TO_ORGANIZATION|KEEP_QUARANTINED|RETIRE_INACTIVE_LEGACY_ROW|REDESIGN_REQUIRED|NEEDS_MORE_EVIDENCE,,,,,,,,PENDING,,,
ShipmentRequestLog,69,UNRESOLVED,QUARANTINED,NONE,0,,ASSIGN_TO_ORGANIZATION|KEEP_QUARANTINED|RETIRE_INACTIVE_LEGACY_ROW|REDESIGN_REQUIRED|NEEDS_MORE_EVIDENCE,,,,,,,,PENDING,,,
ShipmentTracking,1,UNRESOLVED,QUARANTINED,NONE,0,,ASSIGN_TO_ORGANIZATION|KEEP_QUARANTINED|RETIRE_INACTIVE_LEGACY_ROW|REDESIGN_REQUIRED|NEEDS_MORE_EVIDENCE,,,,,,,,PENDING,,,
ShipmentTracking,2,UNRESOLVED,QUARANTINED,NONE,0,,ASSIGN_TO_ORGANIZATION|KEEP_QUARANTINED|RETIRE_INACTIVE_LEGACY_ROW|REDESIGN_REQUIRED|NEEDS_MORE_EVIDENCE,,,,,,,,PENDING,,,
ShipmentTracking,3,UNRESOLVED,QUARANTINED,NONE,0,,ASSIGN_TO_ORGANIZATION|KEEP_QUARANTINED|RETIRE_INACTIVE_LEGACY_ROW|REDESIGN_REQUIRED|NEEDS_MORE_EVIDENCE,,,,,,,,PENDING,,,
ShipmentTracking,4,UNRESOLVED,QUARANTINED,NONE,0,,ASSIGN_TO_ORGANIZATION|KEEP_QUARANTINED|RETIRE_INACTIVE_LEGACY_ROW|REDESIGN_REQUIRED|NEEDS_MORE_EVIDENCE,,,,,,,,PENDING,,,
ShipmentTracking,5,UNRESOLVED,QUARANTINED,NONE,0,,ASSIGN_TO_ORGANIZATION|KEEP_QUARANTINED|RETIRE_INACTIVE_LEGACY_ROW|REDESIGN_REQUIRED|NEEDS_MORE_EVIDENCE,,,,,,,,PENDING,,,
ShipmentTracking,6,UNRESOLVED,QUARANTINED,NONE,0,,ASSIGN_TO_ORGANIZATION|KEEP_QUARANTINED|RETIRE_INACTIVE_LEGACY_ROW|REDESIGN_REQUIRED|NEEDS_MORE_EVIDENCE,,,,,,,,PENDING,,,
ShipmentTransportUnit,1,UNRESOLVED,QUARANTINED,NONE,0,,ASSIGN_TO_ORGANIZATION|KEEP_QUARANTINED|RETIRE_INACTIVE_LEGACY_ROW|REDESIGN_REQUIRED|NEEDS_MORE_EVIDENCE,,,,,,,,PENDING,,,
ShipmentTransportUnit,2,UNRESOLVED,QUARANTINED,NONE,0,,ASSIGN_TO_ORGANIZATION|KEEP_QUARANTINED|RETIRE_INACTIVE_LEGACY_ROW|REDESIGN_REQUIRED|NEEDS_MORE_EVIDENCE,,,,,,,,PENDING,,,
ShipmentTransportUnit,3,UNRESOLVED,QUARANTINED,NONE,0,,ASSIGN_TO_ORGANIZATION|KEEP_QUARANTINED|RETIRE_INACTIVE_LEGACY_ROW|REDESIGN_REQUIRED|NEEDS_MORE_EVIDENCE,,,,,,,,PENDING,,,
ShipmentTransportUnit,4,UNRESOLVED,QUARANTINED,NONE,0,,ASSIGN_TO_ORGANIZATION|KEEP_QUARANTINED|RETIRE_INACTIVE_LEGACY_ROW|REDESIGN_REQUIRED|NEEDS_MORE_EVIDENCE,,,,,,,,PENDING,,,
ShipmentTransportUnit,5,UNRESOLVED,QUARANTINED,NONE,0,,ASSIGN_TO_ORGANIZATION|KEEP_QUARANTINED|RETIRE_INACTIVE_LEGACY_ROW|REDESIGN_REQUIRED|NEEDS_MORE_EVIDENCE,,,,,,,,PENDING,,,
ShipmentTransportUnit,6,UNRESOLVED,QUARANTINED,NONE,0,,ASSIGN_TO_ORGANIZATION|KEEP_QUARANTINED|RETIRE_INACTIVE_LEGACY_ROW|REDESIGN_REQUIRED|NEEDS_MORE_EVIDENCE,,,,,,,,PENDING,,,
ShipmentTransportUnitUpdate,1,UNRESOLVED,QUARANTINED,NONE,0,,ASSIGN_TO_ORGANIZATION|KEEP_QUARANTINED|RETIRE_INACTIVE_LEGACY_ROW|REDESIGN_REQUIRED|NEEDS_MORE_EVIDENCE,,,,,,,,PENDING,,,
ShipmentTransportUnitUpdate,2,UNRESOLVED,QUARANTINED,NONE,0,,ASSIGN_TO_ORGANIZATION|KEEP_QUARANTINED|RETIRE_INACTIVE_LEGACY_ROW|REDESIGN_REQUIRED|NEEDS_MORE_EVIDENCE,,,,,,,,PENDING,,,
ShipmentTransportUnitUpdate,3,UNRESOLVED,QUARANTINED,NONE,0,,ASSIGN_TO_ORGANIZATION|KEEP_QUARANTINED|RETIRE_INACTIVE_LEGACY_ROW|REDESIGN_REQUIRED|NEEDS_MORE_EVIDENCE,,,,,,,,PENDING,,,
ShipmentTransportUnitUpdate,4,UNRESOLVED,QUARANTINED,NONE,0,,ASSIGN_TO_ORGANIZATION|KEEP_QUARANTINED|RETIRE_INACTIVE_LEGACY_ROW|REDESIGN_REQUIRED|NEEDS_MORE_EVIDENCE,,,,,,,,PENDING,,,
ShipmentTransportUnitUpdate,5,UNRESOLVED,QUARANTINED,NONE,0,,ASSIGN_TO_ORGANIZATION|KEEP_QUARANTINED|RETIRE_INACTIVE_LEGACY_ROW|REDESIGN_REQUIRED|NEEDS_MORE_EVIDENCE,,,,,,,,PENDING,,,
ShipmentTransportUnitUpdate,6,UNRESOLVED,QUARANTINED,NONE,0,,ASSIGN_TO_ORGANIZATION|KEEP_QUARANTINED|RETIRE_INACTIVE_LEGACY_ROW|REDESIGN_REQUIRED|NEEDS_MORE_EVIDENCE,,,,,,,,PENDING,,,
ShipmentTransportUnitUpdate,7,UNRESOLVED,QUARANTINED,NONE,0,,ASSIGN_TO_ORGANIZATION|KEEP_QUARANTINED|RETIRE_INACTIVE_LEGACY_ROW|REDESIGN_REQUIRED|NEEDS_MORE_EVIDENCE,,,,,,,,PENDING,,,
ShipmentTransportUnitUpdate,8,UNRESOLVED,QUARANTINED,NONE,0,,ASSIGN_TO_ORGANIZATION|KEEP_QUARANTINED|RETIRE_INACTIVE_LEGACY_ROW|REDESIGN_REQUIRED|NEEDS_MORE_EVIDENCE,,,,,,,,PENDING,,,
ShipmentTransportUnitUpdate,9,UNRESOLVED,QUARANTINED,NONE,0,,ASSIGN_TO_ORGANIZATION|KEEP_QUARANTINED|RETIRE_INACTIVE_LEGACY_ROW|REDESIGN_REQUIRED|NEEDS_MORE_EVIDENCE,,,,,,,,PENDING,,,
ShipmentTransportUnitUpdate,10,UNRESOLVED,QUARANTINED,NONE,0,,ASSIGN_TO_ORGANIZATION|KEEP_QUARANTINED|RETIRE_INACTIVE_LEGACY_ROW|REDESIGN_REQUIRED|NEEDS_MORE_EVIDENCE,,,,,,,,PENDING,,,
ShipmentTransportUnitUpdate,11,UNRESOLVED,QUARANTINED,NONE,0,,ASSIGN_TO_ORGANIZATION|KEEP_QUARANTINED|RETIRE_INACTIVE_LEGACY_ROW|REDESIGN_REQUIRED|NEEDS_MORE_EVIDENCE,,,,,,,,PENDING,,,
