path	bytes	sha256
qualification.json	964	50c7cb593ea3fddcc8b6d4a0aa21b3e3796041a2f5cb1e08ef42758e70f10ee1
backend-full.log	2008	9bb9ea5c1b5400b048e1f06df9928cfd7870ae35b5d55569cf89d75a149f1f9d
frontend-full.log	331	a5bad2f485ce29173b86fccc0fca4f4a16fa20355cd22fdcbff952d8cea24dc1
static/result.json	1025	f61b7e88e9fa7f02911d9cfb9bd1837f0197f995312066ffe32af2c655250b79
static/app-types.log	0	e3b0c44298fc1c149afbf4c8996fb92427ae41e4649b934ca495991b7852b855
static/node-types.log	0	e3b0c44298fc1c149afbf4c8996fb92427ae41e4649b934ca495991b7852b855
static/lint.log	4018	e57814c14cac9012ffa96399556283351cc848b0b017300ed662a0655db6662b
static/build.log	936	e742437e823bff79f1d54a18be5c645fc61fc0301191751dec21e41b125df427
static/architecture.log	50	47109b0c724cf0a14aaa0e6570abf8b39f00411150f99d0705ed657852b2d4e4
static/structure.log	220	9ae031b52a4f5c386196c803ae4c316aae74487288f01314da2b294e8faa3c43
static/backend-determinism.log	149	330901b5ac07532fba2fa2bc5470020d4a574806697b2e595862b89a834502bd
static/diff.log	0	e3b0c44298fc1c149afbf4c8996fb92427ae41e4649b934ca495991b7852b855
static/alembic-head.log	34	7b87267e0f7f8f5bcfc8f37dc65b2a7251219548588a048218bc6aa6b07d3f9a
final/result.json	480	dced5e3e159a4efb60403eca1c7f3ba02de7816bf5ca9baa00680374e897b663
final/postgresql-control-tower.log	125	a7135633d124e98bda782fd716b4daef3059ede84f5dad73652e3132acdc287b
final/browser.log	591	804d4065a9fb0f4d4bd24a9f546dbd55e971202a22c93537d6ae2f3b3abf25c5
contended-attempt/result.json	318	b4b51df80a8013c4261cee4edb3b6a28079a1f8d12d4eb0723b88e8f6d4bd916
contended-attempt/postgresql-control-tower.log	30208	48033c4a8deedc1699036af335647395d9ab558848974b5f6fbcda300c13b4e5
final/browser/phase3-final-runtime-ux-P3-18670-t-through-normal-navigation/admin-account-support.png	126940	bfef618b0125da24f5a113f6f30eed31e8d5b64f5546b93986f7df3c3499baff
final/browser/phase3-final-runtime-ux-P3-19bfb-orkspace-Tower-shared-truth/expert-shipment-mobile-rtl.png	221196	3693d1b71633528543cda2babb10bad4bcf7f841f63dc6dd4db1c453dd586aca
final/browser/phase3-final-runtime-ux-P3-ec768-tion-navigation-and-privacy/customer-shipment-mobile-navigation.png	197795	9059c20268759d3c20acacf6ffd73942a159c9437478d311e7f532fe534c1780
